timestamp_utc,search_term,totalResultsLocal,totalResultsPC,total,first,last,COMBINED_SEARCH_TIME,PRIMA_LOCAL_SEARCH_TOTAL,PRIMA_LOCAL_INFO_FACETS_BUILD_DOCS_HIGHLIGHTS,CALL_SOLR_GET_IDS_LIST,BUILD_RESULTS_RETRIVE_FROM_DB,RETRIVE_FROM_DB_RECORDS,RETRIVE_FROM_DB_COURSE_INFO,RETRIVE_FROM_DB_RELATIONS,PC_SEARCH_TIME_TOTAL,PC_SEARCH_CALL_TIME,PC_BUILD_JSON_AND_HIGLIGHTS,BUILD_BLEND_AND_CACHE_RESULTS,BUILD_COMBINED_RESULTS_MAP,PROCESS_COMBINED_RESULTS,FEATURED_SEARCH_TIME,client_latency_ms,http_status,request_error,zero_results,total_change_pct,result_count_anomaly
2026-09-23T22:11:00.076487+00:00,test,95065,9303549,17462805,1,1,417,190,8,136,40,25,1,7,64,52,12,0,409,0,1,,,,,,
2026-09-23T22:11:00.945849+00:00,history,1254742,26842081,61860080,1,1,646,577,9,535,28,4,2,14,50,38,12,0,640,0,0,,,,,,
2026-09-23T22:11:01.747857+00:00,science,753017,58104831,76832188,1,1,556,466,10,410,40,8,2,11,60,47,13,0,549,0,0,,,,,,
2026-09-23T22:11:05.229395+00:00,a,3480860,676196,328557798,1,1,3253,1013,8,980,20,6,1,12,65,53,12,0,3246,0,0,,,,,,
2026-09-23T22:30:40.928962+00:00,test,95065,9303549,17462806,1,5,436,294,30,177,82,46,2,13,92,53,39,0,427,0,0,,,,,,
2026-09-23T22:30:41.376187+00:00,history,1254742,26842081,61860094,1,5,7,783,34,625,118,52,1,15,1018,979,39,0,0,0,0,,,,,,
2026-09-23T22:30:42.183487+00:00,science,753017,58104831,76832191,1,5,489,163,36,7,114,34,1,10,106,68,38,0,481,0,0,,,,,,
2026-09-23T22:30:42.467413+00:00,maryland history,19586,66443,231493,1,5,6,497,45,350,96,26,1,20,442,367,75,0,0,0,0,,,,,,
2026-09-23T22:30:43.338795+00:00,math,101221,1310076,2284771,1,5,507,155,36,5,108,44,1,16,120,51,69,0,497,0,0,,,,,,
2026-09-23T22:30:43.961818+00:00,Migration and Labor 1900,282,516,3984,1,5,344,272,30,157,75,43,1,11,110,72,38,1,335,0,0,,,,,,
2026-09-23T22:30:44.510139+00:00,cats AND dogs,1323,64738,174816,1,5,263,223,36,113,72,31,1,10,163,121,42,0,252,0,1,,,,,,
2026-09-23T22:30:45.068485+00:00,saltwater encroachment AND climate change,9,1382,1458,1,5,279,113,26,26,61,29,1,10,147,108,39,0,271,0,1,,,,,,
2026-09-23T22:36:25.533198+00:00,test,95065,9303549,17462806,1,5,623,272,38,150,78,38,2,11,127,88,39,0,614,0,0,1046.7,200,,False,0.0,False
2026-09-23T22:36:26.772017+00:00,history,1254742,26842081,61860100,1,5,924,887,36,736,112,63,2,11,104,45,59,0,916,0,0,1238.8,200,,False,0.0,False
2026-09-23T22:36:28.023455+00:00,science,753017,58104831,76832191,1,5,968,931,31,765,131,47,2,13,119,75,44,0,960,0,0,1251.4,200,,False,0.0,False
2026-09-23T22:36:28.701676+00:00,maryland history,19586,66443,231493,1,5,400,355,32,266,51,9,1,23,96,57,39,0,389,0,0,678.2,200,,False,0.0,False
2026-09-23T22:36:29.303770+00:00,math,101221,1310076,2284771,1,5,320,288,27,182,76,34,1,10,135,76,59,0,311,0,0,602.0,200,,False,0.0,False
2026-09-23T22:36:29.935444+00:00,Migration and Labor 1900,282,516,3984,1,5,356,275,28,172,73,40,1,10,82,43,39,0,347,0,0,631.6,200,,False,0.0,False
2026-09-23T22:36:30.457994+00:00,cats AND dogs,1323,64738,174816,1,5,246,140,31,35,73,33,1,10,165,122,43,0,236,0,0,522.5,200,,False,0.0,False
2026-09-23T22:36:31.084880+00:00,saltwater encroachment AND climate change,9,1382,1458,1,5,276,199,28,107,63,30,1,10,120,80,40,0,268,0,0,626.8,200,,False,0.0,False
2026-09-23T22:40:55.344619+00:00,linear algebra,5977,117227,252228,1,5,328,110,33,10,64,34,1,10,126,88,38,0,320,0,0,580.6,200,,False,,False
2026-09-24T00:48:48.057816+00:00,Migration and Labor 1900,282,516,798,1,5,329,262,29,154,74,45,1,9,230,194,36,0,323,0,0,527.7,200,,False,80.0,True
2026-09-24T06:01:39.605475+00:00,cats AND dogs,1323,64738,174833,1,5,561,382,61,53,267,166,1,25,332,281,51,0,427,0,0,872.5,200,,False,0.0,False
2026-09-24T12:07:30.349460+00:00,saltwater encroachment AND climate change,9,1382,1458,1,5,805,220,30,93,96,43,1,17,368,331,37,0,797,0,1,1003.1,200,,False,0.0,False
2026-09-24T16:30:45.269007+00:00,project management AND software,5910,91066,193939,1,5,1003,444,40,270,131,70,1,17,993,952,41,0,994,0,0,1336.5,200,,False,,False
2026-09-24T16:40:23.541616+00:00,history of japanese art,4004,35018,89000,1,5,466,417,38,293,82,48,2,13,395,355,40,0,458,0,0,843.6,200,,False,,False
2026-09-24T16:45:21.736790+00:00,science,753019,58109235,76839746,1,5,1524,785,37,472,272,52,1,30,1513,1474,39,0,1514,0,1,1794.2,200,,False,0.0,False
2026-09-24T17:00:28.092987+00:00,maryland history,19586,66443,231514,1,5,441,387,46,269,68,18,1,18,345,304,41,0,428,0,0,595.3,200,,False,0.0,False
2026-09-24T17:15:23.513275+00:00,linear algebra,5977,117228,252237,1,5,638,239,44,96,94,58,2,12,627,579,48,0,627,0,1,1061.9,200,,False,0.0,False
2026-09-24T17:30:27.422337+00:00,Migration and Labor 1900,282,516,3984,1,5,445,368,44,165,151,75,2,26,204,164,40,0,428,0,1,745.8,200,,False,399.2,True
2026-09-24T17:45:19.540353+00:00,cats AND dogs,1323,64738,174838,1,5,400,193,52,42,97,54,1,13,366,319,47,0,368,0,0,713.4,200,,False,0.0,False
2026-09-24T18:00:29.287252+00:00,saltwater encroachment AND climate change,9,1382,1458,1,5,723,336,55,115,164,60,1,19,712,656,56,0,714,0,0,909.5,200,,False,0.0,False
2026-09-24T18:15:22.088407+00:00,project management AND software,5910,91066,193945,1,5,716,410,31,264,114,65,1,14,707,669,38,0,707,0,1,865.9,200,,False,0.0,False
2026-09-24T18:30:25.925006+00:00,history of japanese art,4004,35018,89002,1,5,790,409,28,312,65,36,1,12,781,745,36,0,782,0,0,1045.3,200,,False,0.0,False
2026-09-24T18:45:39.725965+00:00,science,753018,58109235,76841054,1,5,1383,858,40,518,295,59,2,36,1370,1330,40,0,1370,0,0,1694.4,200,,False,0.0,False
2026-09-24T19:00:31.067409+00:00,maryland history,19586,66449,231614,1,5,2227,430,36,328,62,19,1,15,2217,2178,39,0,2218,0,0,2546.8,200,,False,0.0,False
2026-09-24T19:15:20.798911+00:00,linear algebra,5977,117235,252244,1,5,797,751,40,601,102,59,2,15,422,374,48,0,787,0,0,939.9,200,,False,0.0,False
2026-09-24T19:30:24.060310+00:00,Migration and Labor 1900,282,517,3985,1,5,753,285,38,142,100,65,2,11,742,680,62,0,742,0,0,1037.4,200,,False,0.0,False
2026-09-24T19:45:20.945178+00:00,cats AND dogs,1323,64744,174850,1,5,585,258,89,41,126,59,1,16,574,525,49,0,574,0,1,925.7,200,,False,0.0,False
2026-09-24T20:00:30.804944+00:00,saltwater encroachment AND climate change,9,1382,1458,1,5,488,242,37,97,107,50,1,19,480,437,43,0,480,0,0,632.0,200,,False,0.0,False
2026-09-24T20:07:25.387109+00:00,project management AND software,5910,91077,193956,1,5,842,421,47,242,131,76,1,15,832,780,52,0,834,0,0,1095.9,200,,False,0.0,False
2026-09-24T20:15:20.415783+00:00,history of japanese art,4004,35023,89008,1,5,2106,422,36,294,86,50,1,16,2097,2053,44,0,2098,0,0,2417.8,200,,False,0.0,False
2026-09-24T20:30:27.602204+00:00,science,753017,58115137,76846979,1,5,3357,1396,34,1132,223,42,1,27,3349,3310,39,0,3350,0,1,3592.2,200,,False,0.0,False
2026-09-24T20:45:22.141780+00:00,maryland history,19586,66449,231615,1,5,2452,388,38,283,61,16,1,17,2439,2399,40,0,2441,0,0,2854.1,200,,False,0.0,False
2026-09-24T21:00:28.974790+00:00,linear algebra,5977,117235,252246,1,5,1542,290,47,96,142,61,1,19,1526,1486,40,0,1534,0,0,1837.7,200,,False,0.0,False
2026-09-24T21:15:21.003641+00:00,Migration and Labor 1900,282,517,3985,1,5,1706,877,39,732,102,59,1,18,1697,1659,38,0,1698,0,0,1846.4,200,,False,0.0,False
2026-09-24T21:30:29.722356+00:00,cats AND dogs,1323,64744,174844,1,5,3525,159,29,39,91,42,2,13,3517,3477,40,0,3518,0,0,3796.7,200,,False,0.0,False
2026-09-24T21:45:20.505514+00:00,saltwater encroachment AND climate change,9,1382,1458,1,5,1261,236,29,101,104,43,2,16,1251,1212,39,0,1252,0,0,1620.4,200,,False,0.0,False
2026-09-24T22:00:34.624958+00:00,project management AND software,5910,91077,193956,1,5,577,417,40,265,110,60,2,13,569,529,40,0,569,0,1,848.4,200,,False,0.0,False
2026-09-24T22:15:21.822354+00:00,history of japanese art,4004,35023,89010,1,5,1757,430,35,301,90,52,1,18,1744,1704,40,0,1745,0,0,1906.6,200,,False,0.0,False
2026-09-24T22:30:26.939266+00:00,science,753017,58115138,76848034,1,5,3040,962,63,602,291,71,1,36,3024,2977,47,0,3024,0,1,3311.1,200,,False,0.0,False
2026-09-24T22:45:19.475093+00:00,maryland history,19586,66449,231616,1,5,2288,385,28,292,62,19,1,12,2281,2247,34,1,2281,0,0,2563.0,200,,False,0.0,False
2026-09-24T23:00:26.535668+00:00,linear algebra,5977,117235,252246,1,5,339,205,28,91,83,52,1,11,331,298,33,0,332,0,0,625.0,200,,False,0.0,False
2026-09-24T23:11:37.598261+00:00,Migration and Labor 1900,282,517,3985,1,5,1374,435,64,146,207,110,2,24,1361,1311,50,0,1363,0,0,1728.6,200,,False,0.0,False
2026-09-24T23:15:20.247841+00:00,cats AND dogs,1323,64744,174847,1,5,2045,182,37,39,103,47,1,16,2032,1986,46,0,2033,0,1,2367.4,200,,False,0.0,False
2026-09-24T23:30:27.890511+00:00,saltwater encroachment AND climate change,9,1382,1458,1,5,2084,214,27,100,87,41,2,14,2076,2040,36,0,2077,0,0,2318.3,200,,False,0.0,False
2026-09-24T23:45:22.272494+00:00,project management AND software,5910,91077,96987,1,5,1984,448,39,270,139,70,1,25,1973,1930,43,1,1974,0,0,2262.4,200,,False,50.0,True
2026-09-25T00:00:31.612495+00:00,history of japanese art,4004,35023,89012,1,5,976,414,35,297,76,43,2,15,963,927,36,0,965,0,0,1260.9,200,,False,0.0,False
2026-09-25T00:15:57.444939+00:00,science,753017,58115138,76848111,1,5,2224,682,32,506,142,41,1,15,2216,2178,38,0,2217,0,0,2356.7,200,,False,0.0,False
2026-09-25T00:30:25.133321+00:00,maryland history,19586,66449,231616,1,5,895,338,27,264,42,15,1,15,888,851,37,0,889,0,0,1023.5,200,,False,0.0,False
2026-09-25T00:45:24.759142+00:00,linear algebra,5977,117235,252247,1,5,1185,210,33,86,84,47,2,12,1172,1105,67,0,1176,0,1,1502.9,200,,False,0.0,False
2026-09-25T01:00:29.657786+00:00,Migration and Labor 1900,282,517,3985,1,5,1130,337,37,160,135,104,1,11,1121,1083,38,0,1122,0,0,1399.0,200,,False,0.0,False
2026-09-25T01:15:20.674085+00:00,cats AND dogs,1323,64720,174825,1,5,377,153,32,37,83,41,1,11,367,325,42,0,369,0,0,536.8,200,,False,0.0,False
2026-09-25T01:28:41.997989+00:00,saltwater encroachment AND climate change,9,1382,1458,1,5,389,222,30,112,79,39,1,12,381,335,46,0,381,0,0,667.7,200,,False,0.0,False
2026-09-25T01:30:25.750694+00:00,project management AND software,5910,91079,193960,1,5,600,389,32,250,106,59,1,13,591,549,42,0,592,0,0,2558.6,200,,False,100.0,True
2026-09-25T01:45:18.552143+00:00,history of japanese art,4004,34920,88910,1,5,471,420,39,305,69,37,2,12,435,397,38,0,461,0,0,804.5,200,,False,0.1,False
2026-09-25T02:00:29.648954+00:00,science,753017,58168443,76901564,1,5,989,660,47,470,139,43,1,13,979,939,40,0,981,0,0,1271.3,200,,False,0.1,False
2026-09-25T02:15:19.093361+00:00,maryland history,19586,66370,231541,1,5,421,361,29,288,40,11,2,9,346,298,48,0,414,0,1,700.1,200,,False,0.0,False
2026-09-25T02:30:24.104873+00:00,linear algebra,5977,117288,252300,1,5,432,238,33,97,105,54,1,14,374,339,35,0,422,0,0,749.4,200,,False,0.0,False
2026-09-25T02:45:20.138199+00:00,Migration and Labor 1900,282,517,3985,1,5,347,281,44,146,87,50,2,13,259,205,54,0,337,0,0,756.0,200,,False,0.0,False
2026-09-25T03:00:27.600220+00:00,cats AND dogs,1323,64720,174825,1,5,382,152,32,43,76,35,1,11,371,306,65,0,373,0,0,485.6,200,,False,0.0,False
2026-09-25T03:15:21.270695+00:00,saltwater encroachment AND climate change,9,1382,1458,1,5,448,216,31,108,76,36,2,12,438,393,45,0,439,0,0,597.1,200,,False,0.0,False
2026-09-25T03:30:23.814212+00:00,project management AND software,5910,91079,193960,1,5,1119,404,38,261,104,61,2,12,1110,1068,42,0,1111,0,0,1521.5,200,,False,0.0,False
2026-09-25T03:45:19.400347+00:00,history of japanese art,4004,34920,88910,1,5,718,421,33,307,69,36,1,15,708,661,47,0,709,0,1,1017.5,200,,False,0.0,False
2026-09-25T04:00:26.858908+00:00,science,753023,58168443,76901565,1,5,1336,1299,57,543,695,126,2,116,1097,1057,40,0,1326,0,0,1702.9,200,,False,0.0,False
2026-09-25T04:15:19.824693+00:00,maryland history,19586,66370,231542,1,5,874,418,48,279,87,28,2,19,862,815,47,0,864,0,0,1112.3,200,,False,0.0,False
2026-09-25T04:30:24.997742+00:00,linear algebra,5977,117288,252300,1,5,392,259,40,97,118,62,1,18,382,316,66,0,383,0,0,795.2,200,,False,0.0,False
2026-09-25T04:45:18.682435+00:00,Migration and Labor 1900,282,517,3985,1,5,405,342,48,172,106,67,2,16,236,195,41,0,397,0,0,774.8,200,,False,0.0,False
2026-09-25T05:00:26.820314+00:00,cats AND dogs,1323,64720,174825,1,5,701,255,83,41,129,60,2,17,688,644,44,0,692,0,0,939.5,200,,False,0.0,False
2026-09-25T05:15:18.255666+00:00,saltwater encroachment AND climate change,9,1382,1458,1,5,804,324,48,109,166,72,5,27,793,732,61,0,793,0,0,1220.3,200,,False,0.0,False
2026-09-25T05:30:23.798542+00:00,project management AND software,5910,91079,193959,1,5,859,586,55,246,283,185,2,41,478,422,56,0,849,0,1,1118.4,200,,False,0.0,False
2026-09-25T05:45:18.912524+00:00,history of japanese art,4004,34920,88910,1,5,1061,434,35,290,97,51,1,19,426,386,40,0,1052,0,0,1475.2,200,,False,0.0,False
2026-09-25T06:00:30.142655+00:00,science,753020,58168443,76901560,1,5,1054,928,42,540,342,62,1,43,1013,971,42,0,1045,0,0,1203.5,200,,False,0.0,False
2026-09-25T06:15:21.675584+00:00,maryland history,19586,66370,231544,1,5,491,437,35,302,93,26,2,31,481,443,38,0,481,0,1,705.1,200,,False,0.0,False
2026-09-25T06:25:44.601150+00:00,linear algebra,5977,117288,252299,1,5,871,302,62,106,128,77,1,19,361,320,41,0,862,0,0,1191.6,200,,False,0.0,False
2026-09-25T06:30:24.075680+00:00,Migration and Labor 1900,282,517,3985,1,5,462,358,52,147,153,87,2,23,271,211,60,0,451,0,1,738.3,200,,False,0.0,False
2026-09-25T06:45:19.154000+00:00,cats AND dogs,1323,64720,174825,1,5,374,228,39,43,146,75,1,20,363,321,42,0,364,0,0,682.4,200,,False,0.0,False
2026-09-25T07:00:31.888818+00:00,saltwater encroachment AND climate change,9,1382,1458,1,5,826,387,54,116,216,116,4,31,418,375,43,0,817,0,0,1033.2,200,,False,0.0,False
2026-09-25T07:15:20.274343+00:00,project management AND software,5910,91079,193959,1,5,880,790,63,265,460,355,1,27,546,463,83,0,867,0,0,1163.0,200,,False,0.0,False
2026-09-25T07:30:25.147541+00:00,history of japanese art,4004,34920,88910,1,5,2308,2154,367,316,1427,1057,20,155,742,607,135,0,2215,0,1,2782.7,200,,False,0.0,False
2026-09-25T07:45:21.345270+00:00,science,753022,58168443,76901585,1,5,1126,993,47,598,342,60,1,44,1022,979,43,0,1119,0,0,1452.2,200,,False,0.0,False
2026-09-25T08:00:29.911113+00:00,maryland history,19586,66370,231544,1,5,967,500,37,328,128,40,3,39,382,344,38,0,958,0,0,1147.4,200,,False,0.0,False
2026-09-25T08:15:27.576675+00:00,linear algebra,5977,117288,252298,1,5,6398,6313,3489,112,2708,972,4,274,519,453,66,0,6363,0,1,8689.4,200,,False,0.0,False
2026-09-25T08:30:23.863834+00:00,Migration and Labor 1900,282,517,3985,1,5,478,402,42,163,189,98,2,25,346,246,100,0,463,0,0,823.2,200,,False,0.0,False
2026-09-25T08:45:19.689852+00:00,cats AND dogs,1323,64720,174825,1,5,1015,238,49,46,142,70,1,23,604,556,48,0,1000,0,0,1159.1,200,,False,0.0,False
2026-09-25T09:00:28.492196+00:00,saltwater encroachment AND climate change,9,1382,1458,1,5,772,273,34,105,132,63,1,24,760,716,44,0,763,0,1,1043.2,200,,False,0.0,False
2026-09-25T09:15:19.111255+00:00,project management AND software,5910,91079,193959,1,5,908,426,33,265,125,68,2,17,558,512,46,0,897,0,1,1198.2,200,,False,0.0,False
2026-09-25T09:30:25.209012+00:00,history of japanese art,4004,34920,88911,1,5,918,396,26,294,71,39,1,16,482,444,38,0,911,0,0,1200.1,200,,False,0.0,False
2026-09-25T09:45:22.569645+00:00,science,753022,58168443,76901617,1,5,1244,1202,82,604,510,103,2,53,1067,1018,49,0,1233,0,0,1563.9,200,,False,0.0,False
2026-09-25T10:00:26.060496+00:00,maryland history,19586,66370,231544,1,5,1092,528,56,317,150,58,5,37,1082,1044,38,0,1082,0,1,1388.9,200,,False,0.0,False
2026-09-25T10:15:22.276922+00:00,linear algebra,5977,117288,252300,1,5,948,257,34,122,98,59,1,17,563,519,44,0,939,0,1,1100.0,200,,False,0.0,False
2026-09-25T10:30:27.139044+00:00,Migration and Labor 1900,282,517,3985,1,5,817,283,30,154,95,54,1,19,310,270,40,0,808,0,0,923.6,200,,False,0.0,False
2026-09-25T10:45:21.935026+00:00,cats AND dogs,1323,64720,174826,1,5,911,189,34,49,106,47,1,19,505,468,37,0,903,0,0,1193.1,200,,False,0.0,False
2026-09-25T11:00:32.073568+00:00,saltwater encroachment AND climate change,9,1382,1458,1,5,561,272,33,88,148,77,2,26,489,449,40,0,550,0,0,895.4,200,,False,0.0,False
2026-09-25T11:15:24.401755+00:00,project management AND software,5910,91079,193959,1,5,1026,447,43,286,116,64,2,16,501,462,39,0,1018,0,0,4115.8,200,,False,0.0,False
2026-09-25T11:30:27.721125+00:00,history of japanese art,4004,34920,88912,1,5,1109,486,26,383,73,42,2,15,1102,1065,37,0,1102,0,1,1412.7,200,,False,0.0,False
2026-09-25T11:45:20.015109+00:00,science,753022,58168443,76901721,1,5,992,913,33,617,256,60,2,36,984,944,40,0,984,0,0,1139.5,200,,False,0.0,False
2026-09-25T12:00:29.129282+00:00,maryland history,19586,66370,231544,1,5,1259,387,37,297,48,15,2,14,1249,1203,45,1,1249,0,1,1576.1,200,,False,0.0,False
2026-09-25T12:02:28.621766+00:00,linear algebra,5977,117288,252300,1,5,425,207,28,106,69,38,1,11,411,371,40,0,418,0,0,696.0,200,,False,0.0,False
2026-09-25T12:15:18.477632+00:00,Migration and Labor 1900,282,517,3985,1,5,382,301,38,184,73,43,1,10,301,268,33,0,373,0,1,699.6,200,,False,0.0,False
2026-09-25T12:30:23.618671+00:00,cats AND dogs,1323,64720,66043,1,5,454,158,35,46,77,36,1,12,445,405,40,0,446,0,0,835.8,200,,False,62.2,True
2026-09-25T12:45:18.783694+00:00,saltwater encroachment AND climate change,9,1382,1391,1,5,450,229,35,106,88,46,1,14,441,399,42,1,442,0,0,739.6,200,,False,4.6,False
2026-09-25T13:00:30.563162+00:00,project management AND software,5910,91079,193959,1,5,1147,418,59,255,103,56,2,11,1136,1087,49,0,1139,0,0,1521.1,200,,False,0.0,False
2026-09-25T13:15:26.655598+00:00,history of japanese art,4004,34920,88912,1,5,1166,412,30,313,63,35,1,11,1156,1120,36,0,1158,0,1,1324.6,200,,False,0.0,False
2026-09-25T13:30:26.786630+00:00,science,753023,58155181,76888510,1,5,1241,710,36,513,156,41,1,12,1230,1193,37,0,1231,0,1,1628.0,200,,False,0.0,False
2026-09-25T13:45:24.892222+00:00,maryland history,19586,66370,231545,1,5,1029,372,32,293,41,10,1,14,1021,976,45,0,1022,0,0,1368.3,200,,False,0.0,False
2026-09-25T14:00:28.042314+00:00,linear algebra,5977,117288,252300,1,5,359,208,33,88,80,48,1,12,337,301,36,0,338,0,1,624.3,200,,False,0.0,False
2026-09-25T14:15:18.212896+00:00,Migration and Labor 1900,282,517,3985,1,5,360,290,39,166,79,44,1,12,272,233,39,0,352,0,0,740.6,200,,False,0.0,False
2026-09-25T14:30:23.349115+00:00,cats AND dogs,1323,64702,174812,1,5,412,165,32,38,95,50,1,12,402,342,60,1,403,0,0,708.4,200,,False,164.7,True
2026-09-25T14:45:25.285042+00:00,saltwater encroachment AND climate change,9,1382,1458,1,5,2680,215,32,109,74,37,1,10,1219,1172,47,0,2671,0,1,4373.2,200,,False,4.8,False
2026-09-25T15:00:32.976316+00:00,project management AND software,5910,91079,193961,1,5,509,417,46,236,133,61,2,19,500,460,40,0,500,0,0,781.6,200,,False,0.0,False
2026-09-25T15:15:20.270786+00:00,history of japanese art,4004,34919,88914,1,5,458,410,30,303,69,36,1,13,336,298,38,0,450,0,0,763.7,200,,False,0.0,False
2026-09-25T15:30:28.594344+00:00,science,753022,58155181,76888653,1,5,1120,722,39,528,149,42,2,11,1111,1072,39,0,1111,0,1,1537.8,200,,False,0.0,False
2026-09-25T15:45:20.687612+00:00,maryland history,19586,66370,231545,1,5,843,394,37,272,79,23,2,22,828,782,46,0,829,0,1,1164.5,200,,False,0.0,False
2026-09-25T16:00:28.716248+00:00,linear algebra,5977,117288,252302,1,5,292,246,36,93,111,64,1,15,249,208,41,0,283,0,1,399.8,200,,False,0.0,False
2026-09-25T16:15:23.421107+00:00,Migration and Labor 1900,282,517,3985,1,5,408,339,36,210,87,54,1,11,229,190,39,1,398,0,0,539.5,200,,False,0.0,False
2026-09-25T16:30:24.634750+00:00,cats AND dogs,1323,64702,174815,1,5,506,181,33,45,102,49,2,15,494,442,52,1,495,0,0,807.8,200,,False,0.0,False
2026-09-25T16:45:23.055218+00:00,saltwater encroachment AND climate change,9,1382,1458,1,5,372,245,39,99,106,47,1,19,363,324,39,0,363,0,0,629.1,200,,False,0.0,False
2026-09-25T17:00:28.848435+00:00,project management AND software,5910,91079,193961,1,5,482,407,33,243,128,76,1,15,473,433,40,0,475,0,0,839.3,200,,False,0.0,False
2026-09-25T17:06:54.623788+00:00,history of japanese art,4004,34919,88916,1,5,852,428,30,314,79,43,1,16,843,806,37,0,843,0,0,1154.6,200,,False,0.0,False
2026-09-25T17:15:20.302846+00:00,science,753025,58155181,76888759,1,5,1143,793,40,523,224,45,1,24,1135,1091,44,0,1136,0,0,1452.7,200,,False,0.0,False
2026-09-25T17:30:24.006135+00:00,maryland history,19586,66370,231545,1,5,490,441,43,295,96,20,2,37,407,360,47,0,479,0,0,635.7,200,,False,0.0,False
2026-09-25T17:45:19.796048+00:00,linear algebra,5977,117288,252303,1,5,300,235,37,99,94,51,2,13,259,220,39,0,291,0,1,561.1,200,,False,0.0,False
2026-09-25T18:00:28.943463+00:00,Migration and Labor 1900,282,517,3985,1,5,571,303,40,151,106,62,1,18,562,523,39,0,563,0,0,851.7,200,,False,0.0,False
2026-09-25T18:15:22.312529+00:00,cats AND dogs,1323,64702,174818,1,5,1006,170,32,36,101,43,1,16,996,954,42,0,996,0,0,1111.0,200,,False,0.0,False
2026-09-25T18:30:27.748029+00:00,saltwater encroachment AND climate change,9,1382,1458,1,5,619,270,50,110,107,47,2,17,610,565,45,0,611,0,0,883.5,200,,False,0.0,False
2026-09-25T18:45:21.828523+00:00,project management AND software,5910,91079,193961,1,5,610,395,32,240,122,73,1,16,597,557,40,0,599,0,0,840.8,200,,False,0.0,False
2026-09-25T19:00:37.537490+00:00,history of japanese art,4004,34919,88916,1,5,1993,417,40,299,72,41,2,13,1986,1950,36,0,1986,0,0,2289.9,200,,False,0.0,False
2026-09-25T19:15:20.271966+00:00,science,753026,58155181,76889923,1,5,1249,783,37,491,249,53,2,36,1238,1204,34,0,1239,0,0,1461.3,200,,False,0.0,False
2026-09-25T19:30:25.314289+00:00,maryland history,19586,66370,231551,1,5,1050,435,49,308,75,19,2,22,1040,1002,38,0,1040,0,0,1168.3,200,,False,0.0,False
2026-09-25T19:45:19.971351+00:00,linear algebra,5977,117288,252306,1,5,425,353,56,128,161,89,1,19,359,313,46,1,409,0,0,802.3,200,,False,0.0,False
2026-09-25T20:00:26.743961+00:00,Migration and Labor 1900,282,517,3985,1,5,725,352,46,174,126,79,1,17,561,498,63,0,713,0,1,1064.1,200,,False,0.0,False
2026-09-25T20:15:18.799530+00:00,cats AND dogs,1323,64702,174832,1,5,681,313,71,40,200,91,1,26,584,541,43,0,669,0,1,993.0,200,,False,0.0,False
2026-09-25T20:28:02.635834+00:00,saltwater encroachment AND climate change,9,1382,1458,1,5,767,253,31,119,100,44,2,18,760,719,41,0,760,0,0,1047.1,200,,False,0.0,False
2026-09-25T20:30:22.779370+00:00,project management AND software,5910,91079,193962,1,5,507,436,47,261,126,70,1,18,467,425,42,0,498,0,0,817.3,200,,False,0.0,False
2026-09-25T20:45:19.885562+00:00,history of japanese art,4004,34919,88923,1,5,695,383,29,286,65,37,1,14,687,651,36,0,688,0,0,1082.1,200,,False,0.0,False
2026-09-25T21:00:30.635729+00:00,science,753025,58155181,76890557,1,5,1059,685,33,494,150,49,2,15,1048,984,64,0,1049,0,1,1178.2,200,,False,0.0,False
2026-09-25T21:15:19.667100+00:00,maryland history,19586,66370,85956,1,5,491,413,31,296,82,25,1,20,483,449,34,0,484,0,0,751.0,200,,False,62.9,True
2026-09-25T21:30:24.738319+00:00,linear algebra,5977,117288,252307,1,5,677,212,28,96,84,49,2,11,669,627,42,1,670,0,0,805.1,200,,False,0.0,False
2026-09-25T21:45:18.902510+00:00,Migration and Labor 1900,282,517,3985,1,5,365,294,32,182,73,43,2,11,209,174,35,0,358,0,0,643.9,200,,False,0.0,False
2026-09-25T22:00:27.716783+00:00,cats AND dogs,1323,64702,174836,1,5,1116,177,33,40,103,50,2,12,1103,1061,42,0,1106,0,1,1390.8,200,,False,0.0,False
2026-09-25T22:15:16.708913+00:00,saltwater encroachment AND climate change,9,1382,1458,1,5,518,272,64,115,93,38,1,21,504,388,116,0,506,0,1,845.7,200,,False,0.0,False
2026-09-25T22:30:22.247490+00:00,project management AND software,5910,91079,193966,1,5,447,378,33,252,91,50,2,12,432,393,39,0,439,0,0,750.4,200,,False,0.0,False
2026-09-25T22:45:19.001596+00:00,history of japanese art,4004,34919,88925,1,5,909,422,43,313,60,34,2,9,901,865,36,0,901,0,0,1139.0,200,,False,0.0,False
2026-09-25T23:00:30.147880+00:00,science,753028,58155181,76891220,1,5,5849,5816,54,523,5229,2400,1,21,953,916,37,0,5841,0,0,6137.6,200,,False,0.0,False
2026-09-25T23:15:19.336139+00:00,maryland history,19586,66370,231551,1,5,505,393,26,327,34,10,1,11,496,459,37,0,497,0,1,862.8,200,,False,169.4,True
2026-09-25T23:24:03.944702+00:00,linear algebra,5977,117288,252307,1,5,406,202,26,111,61,34,1,9,377,342,35,0,400,0,0,701.6,200,,False,0.0,False
2026-09-25T23:30:21.702648+00:00,Migration and Labor 1900,282,517,3985,1,5,393,264,33,147,79,50,1,10,248,213,35,0,385,0,1,532.9,200,,False,0.0,False
2026-09-25T23:45:17.722933+00:00,cats AND dogs,1323,64702,174838,1,5,671,634,30,529,74,35,1,10,390,347,43,0,663,0,0,995.6,200,,False,0.0,False
2026-09-26T00:00:28.209248+00:00,saltwater encroachment AND climate change,9,1382,1458,1,5,330,216,34,113,69,33,1,11,321,283,38,0,322,0,0,685.1,200,,False,0.0,False
2026-09-26T00:15:55.261261+00:00,project management AND software,5910,91079,193966,1,5,892,382,30,262,89,48,2,12,884,848,36,0,884,0,1,1269.1,200,,False,0.0,False
2026-09-26T00:30:22.648005+00:00,history of japanese art,4004,34919,88925,1,5,915,400,26,313,53,28,1,10,327,294,33,1,908,0,0,1244.7,200,,False,0.0,False
2026-09-26T00:45:17.343237+00:00,science,753028,58155181,76891322,1,5,996,718,34,554,128,40,1,12,987,951,36,0,988,0,0,1338.6,200,,False,0.0,False
2026-09-26T01:00:28.121211+00:00,maryland history,19586,66370,231551,1,5,641,402,33,327,37,11,1,12,409,375,34,0,633,0,1,899.2,200,,False,0.0,False
2026-09-26T01:15:21.950887+00:00,linear algebra,5977,117288,252307,1,5,282,201,25,107,64,37,1,9,267,231,36,0,275,0,0,496.9,200,,False,0.0,False
2026-09-26T01:30:26.363511+00:00,Migration and Labor 1900,282,517,3985,1,5,908,837,33,724,74,43,1,10,219,184,35,0,900,0,0,4641.9,200,,False,0.0,False
2026-09-26T01:45:16.552759+00:00,cats AND dogs,1323,64702,66025,1,5,1207,314,43,120,149,59,2,12,1182,1142,40,0,1184,0,0,1454.1,200,,False,62.2,True
2026-09-26T02:00:26.788102+00:00,saltwater encroachment AND climate change,9,1382,1458,1,5,628,233,40,94,99,44,2,13,617,574,43,0,618,0,1,947.6,200,,False,0.0,False
2026-09-26T02:15:20.849637+00:00,project management AND software,5910,91079,193966,1,5,1123,383,35,244,102,60,2,11,458,407,51,1,1113,0,1,1400.4,200,,False,0.0,False
2026-09-26T02:30:21.884285+00:00,history of japanese art,4004,34919,88925,1,5,543,492,56,342,89,36,2,22,258,224,34,1,533,0,0,828.0,200,,False,0.0,False
2026-09-26T02:45:18.995723+00:00,science,753028,58155181,76891147,1,5,1222,819,53,551,209,68,1,13,1213,1163,50,0,1213,0,0,1471.7,200,,False,0.0,False
2026-09-26T03:00:28.301508+00:00,maryland history,19586,66370,231551,1,5,962,426,37,320,65,20,1,15,444,408,36,0,921,0,0,1311.7,200,,False,0.0,False
2026-09-26T03:15:17.736944+00:00,linear algebra,5977,117288,252307,1,5,351,299,50,108,135,71,2,17,249,199,50,0,337,0,0,729.3,200,,False,0.0,False
2026-09-26T03:30:22.758060+00:00,Migration and Labor 1900,282,517,3985,1,5,392,325,46,171,101,62,2,17,286,244,42,0,385,0,0,557.0,200,,False,0.0,False
2026-09-26T03:45:18.279193+00:00,cats AND dogs,1323,64702,174837,1,5,631,197,42,37,117,58,2,17,316,276,40,0,622,0,0,782.6,200,,False,164.8,True
2026-09-26T04:00:30.201421+00:00,saltwater encroachment AND climate change,9,1382,1458,1,5,1262,425,58,100,265,119,2,35,1243,1194,49,0,1244,0,1,1570.3,200,,False,0.0,False
2026-09-26T04:15:18.530657+00:00,project management AND software,5910,91079,193966,1,5,635,535,63,263,206,135,1,22,624,572,52,0,625,0,1,1027.9,200,,False,0.0,False
2026-09-26T04:30:25.659824+00:00,history of japanese art,4004,34919,88925,1,5,707,410,27,304,75,42,1,18,699,666,33,0,701,0,0,1077.3,200,,False,0.0,False
2026-09-26T04:45:19.632509+00:00,science,753029,58155181,76891186,1,5,1074,1034,42,663,321,58,2,43,940,887,53,0,1063,0,0,1387.2,200,,False,0.0,False
2026-09-26T05:00:27.452373+00:00,maryland history,19586,66370,231551,1,5,1089,1026,61,794,166,55,3,42,852,810,42,0,1075,0,0,1416.2,200,,False,0.0,False
2026-09-26T05:15:20.911102+00:00,linear algebra,5977,117288,252307,1,5,2699,2646,63,2368,207,130,2,36,316,270,46,0,2687,0,1,3006.6,200,,False,0.0,False
2026-09-26T05:30:24.675929+00:00,Migration and Labor 1900,282,517,3985,1,5,1375,1217,89,871,246,160,2,37,194,148,46,0,1339,0,1,1772.2,200,,False,0.0,False
2026-09-26T05:45:19.275094+00:00,cats AND dogs,1323,64702,174837,1,5,968,443,49,179,213,93,2,38,329,276,53,0,953,0,1,1280.7,200,,False,0.0,False
2026-09-26T06:00:25.983719+00:00,saltwater encroachment AND climate change,9,1382,1458,1,5,890,512,54,210,244,103,3,52,311,266,45,0,873,0,0,1193.7,200,,False,0.0,False
2026-09-26T06:15:23.152338+00:00,project management AND software,5910,91079,193966,1,5,1073,981,85,574,320,205,2,38,374,327,47,0,1053,0,0,1508.3,200,,False,0.0,False
2026-09-26T06:30:23.456707+00:00,history of japanese art,4004,34919,88926,1,5,1257,1182,67,841,263,163,6,54,339,278,61,0,1237,0,1,1602.3,200,,False,0.0,False
2026-09-26T06:45:20.324996+00:00,science,753028,58155181,76891248,1,5,1610,1551,62,1068,415,80,2,42,995,939,56,0,1595,0,0,1998.0,200,,False,0.0,False
2026-09-26T06:52:51.649339+00:00,maryland history,19586,66370,231553,1,5,907,682,42,535,99,25,2,22,671,634,37,0,899,0,0,1102.4,200,,False,0.0,False
2026-09-26T07:00:30.042538+00:00,linear algebra,5977,117288,252311,1,5,819,648,55,434,153,95,2,27,304,258,46,0,808,0,0,1083.5,200,,False,0.0,False
2026-09-26T07:15:26.806981+00:00,Migration and Labor 1900,282,517,3985,1,5,1021,951,45,779,111,61,2,19,218,177,41,0,1012,0,0,1187.9,200,,False,0.0,False
2026-09-26T07:30:33.451451+00:00,cats AND dogs,1323,64702,174838,1,5,870,297,81,56,160,73,1,30,536,477,59,0,858,0,1,1152.1,200,,False,0.0,False
2026-09-26T07:45:17.044824+00:00,saltwater encroachment AND climate change,9,1382,1458,1,5,439,306,45,111,147,78,1,23,250,209,41,0,425,0,0,739.8,200,,False,0.0,False
2026-09-26T08:00:27.496104+00:00,project management AND software,5910,91079,193966,1,5,926,678,52,406,218,134,2,23,432,391,41,0,912,0,0,1208.7,200,,False,0.0,False
2026-09-26T08:15:57.522735+00:00,history of japanese art,4004,34919,88926,1,5,1132,1081,70,848,145,94,2,25,379,336,43,0,1120,0,1,1454.2,200,,False,0.0,False
2026-09-26T08:30:26.901658+00:00,science,753051,58155181,76891311,1,5,3167,3092,136,565,2376,1579,3,166,1145,1084,61,0,3127,0,0,3509.1,200,,False,0.0,False
2026-09-26T08:45:18.370181+00:00,maryland history,19586,66370,231553,1,5,547,504,45,331,120,39,4,41,485,443,42,1,537,0,0,860.3,200,,False,0.0,False
2026-09-26T09:00:30.415136+00:00,linear algebra,5977,117288,252311,1,5,911,583,69,198,309,191,1,78,735,674,61,0,879,0,0,1220.2,200,,False,0.0,False
2026-09-26T09:15:28.494343+00:00,Migration and Labor 1900,282,517,3985,1,5,488,425,46,260,112,64,2,20,221,185,36,0,480,0,0,763.2,200,,False,0.0,False
2026-09-26T09:30:25.778039+00:00,cats AND dogs,1323,64702,174838,1,5,743,288,59,50,177,83,1,33,599,558,41,0,731,0,1,887.6,200,,False,0.0,False
2026-09-26T09:45:18.627406+00:00,saltwater encroachment AND climate change,9,1382,1458,1,5,957,244,36,95,113,51,2,19,222,182,40,0,945,0,1,1092.5,200,,False,0.0,False
2026-09-26T10:00:27.712734+00:00,project management AND software,5910,91079,193966,1,5,1112,461,40,246,175,104,4,25,961,923,38,0,1104,0,0,1415.3,200,,False,0.0,False
2026-09-26T10:15:20.209268+00:00,history of japanese art,4004,34919,88926,1,5,1750,1702,32,289,1374,1333,3,18,559,515,44,0,1740,0,0,2107.3,200,,False,0.0,False
2026-09-26T10:30:26.538630+00:00,science,753051,58155181,76891342,1,5,1082,860,33,556,267,47,1,48,902,868,34,0,1074,0,1,1217.3,200,,False,0.0,False
2026-09-26T10:45:18.634083+00:00,maryland history,19586,66370,231553,1,5,801,413,33,290,85,22,1,23,280,236,44,0,794,0,0,1113.2,200,,False,0.0,False
2026-09-26T11:00:27.123460+00:00,linear algebra,5977,117288,252311,1,5,814,306,53,99,137,78,3,28,204,167,37,0,805,0,0,1068.4,200,,False,0.0,False
2026-09-26T11:15:22.367867+00:00,Migration and Labor 1900,282,517,3985,1,5,1007,314,39,158,110,63,2,21,255,217,38,0,995,0,1,1135.3,200,,False,0.0,False
2026-09-26T11:30:24.983861+00:00,cats AND dogs,1323,64702,174838,1,5,1057,222,44,41,135,61,1,25,393,331,62,0,1044,0,0,1433.6,200,,False,0.0,False
2026-09-26T11:45:18.517739+00:00,saltwater encroachment AND climate change,9,1382,1458,1,5,806,240,28,109,102,42,1,21,312,272,40,0,797,0,1,1037.9,200,,False,0.0,False
2026-09-26T11:58:11.172209+00:00,project management AND software,5910,91079,193966,1,5,484,397,32,258,105,58,1,15,429,393,36,0,473,0,0,623.5,200,,False,0.0,False
2026-09-26T12:00:27.510848+00:00,history of japanese art,4004,34919,88926,1,5,1006,401,29,305,62,35,1,12,296,260,36,0,998,0,0,1289.4,200,,False,0.0,False
2026-09-26T12:15:19.631990+00:00,science,753051,58155181,76891426,1,5,960,714,38,526,145,51,1,15,951,916,35,0,952,0,1,1088.6,200,,False,0.0,False
2026-09-26T12:30:21.823788+00:00,maryland history,19586,66370,231554,1,5,541,350,26,281,36,10,2,12,403,369,34,0,531,0,0,824.6,200,,False,0.0,False
2026-09-26T12:45:18.129903+00:00,linear algebra,5977,117288,252312,1,5,438,364,71,96,190,95,3,40,209,166,43,0,420,0,0,765.1,200,,False,0.0,False
2026-09-26T13:00:30.581008+00:00,Migration and Labor 1900,282,517,3985,1,5,732,532,145,152,230,125,2,49,714,655,59,0,715,0,0,1023.9,200,,False,0.0,False
2026-09-26T13:15:19.916432+00:00,cats AND dogs,1323,64702,174840,1,5,816,257,49,65,143,60,2,32,338,290,48,1,805,0,0,1056.1,200,,False,0.0,False
2026-09-26T13:30:22.430133+00:00,saltwater encroachment AND climate change,9,1382,1458,1,5,768,235,33,96,105,53,1,18,634,585,49,0,755,0,0,877.8,200,,False,0.0,False
2026-09-26T13:45:19.981298+00:00,project management AND software,5910,91079,193966,1,5,484,403,34,253,113,67,2,14,444,394,50,0,474,0,0,849.2,200,,False,0.0,False
2026-09-26T14:00:30.446892+00:00,history of japanese art,4004,34919,88926,1,5,467,410,39,297,67,32,1,12,422,366,56,1,458,0,1,616.8,200,,False,0.0,False
2026-09-26T14:15:20.348879+00:00,science,753051,58155181,76891756,1,5,967,697,30,547,115,37,1,10,959,923,36,0,959,0,0,1254.0,200,,False,0.0,False
2026-09-26T14:30:27.724749+00:00,maryland history,19586,66370,231555,1,5,503,441,29,370,37,10,2,11,320,287,33,0,496,0,0,758.5,200,,False,0.0,False
2026-09-26T14:45:23.131578+00:00,linear algebra,5977,117288,252317,1,5,278,213,30,98,78,45,1,12,271,234,37,0,271,0,0,642.2,200,,False,0.0,False
2026-09-26T15:00:28.868956+00:00,Migration and Labor 1900,282,517,3985,1,5,418,353,36,210,101,63,2,16,208,168,40,0,411,0,0,796.7,200,,False,0.0,False
2026-09-26T15:15:18.186296+00:00,cats AND dogs,1323,64702,174842,1,5,398,169,40,44,85,38,1,13,347,302,45,0,387,0,0,661.4,200,,False,0.0,False
2026-09-26T15:30:22.786860+00:00,saltwater encroachment AND climate change,9,1382,1458,1,5,318,218,27,97,93,42,1,17,307,266,41,1,308,0,0,677.0,200,,False,0.0,False
2026-09-26T15:45:19.215541+00:00,project management AND software,5910,91079,193966,1,5,473,367,27,239,99,61,1,12,466,434,32,0,467,0,0,819.4,200,,False,0.0,False
2026-09-26T15:51:51.655863+00:00,history of japanese art,4004,34919,88926,1,5,439,391,26,296,62,34,1,13,334,298,36,0,431,0,0,852.9,200,,False,0.0,False
2026-09-26T16:00:27.916347+00:00,science,753051,58155181,76891797,1,5,1023,836,40,536,251,48,2,35,1015,981,34,0,1017,0,0,1397.8,200,,False,0.0,False
2026-09-26T16:15:18.143428+00:00,maryland history,19586,66370,231556,1,5,558,406,28,293,82,19,1,33,548,515,33,0,550,0,0,798.6,200,,False,0.0,False
2026-09-26T16:30:22.750263+00:00,linear algebra,5977,117288,252317,1,5,599,192,30,87,73,43,1,13,590,555,35,0,592,0,0,757.8,200,,False,0.0,False
2026-09-26T16:45:17.625096+00:00,Migration and Labor 1900,282,517,3985,1,5,459,269,33,146,76,44,1,11,223,186,37,0,451,0,0,722.3,200,,False,0.0,False
2026-09-26T17:00:27.782400+00:00,cats AND dogs,1323,64702,174843,1,5,762,142,30,40,70,32,1,12,753,712,41,0,754,0,0,881.0,200,,False,0.0,False
2026-09-26T17:15:19.454007+00:00,saltwater encroachment AND climate change,9,1382,1458,1,5,410,186,25,99,62,30,1,9,359,322,37,0,404,0,0,668.1,200,,False,0.0,False
2026-09-26T17:30:22.467000+00:00,project management AND software,5910,91079,193966,1,5,487,345,31,228,86,50,1,10,480,431,49,0,480,0,0,766.5,200,,False,0.0,False
2026-09-26T17:45:24.412729+00:00,history of japanese art,4004,34919,88926,1,5,439,392,37,283,66,41,1,11,295,260,35,0,432,0,0,715.0,200,,False,0.0,False
2026-09-26T18:00:27.000679+00:00,science,753051,58155181,76891992,1,5,947,683,45,495,140,43,1,13,938,902,36,0,939,0,0,1270.7,200,,False,0.0,False
2026-09-26T18:15:18.407117+00:00,maryland history,19586,66370,231556,1,5,412,372,42,284,40,11,2,12,337,298,39,0,404,0,0,635.4,200,,False,0.0,False
2026-09-26T18:30:22.773167+00:00,linear algebra,5977,117288,252317,1,5,287,242,42,121,72,43,2,10,268,233,35,0,280,0,0,562.0,200,,False,0.0,False
2026-09-26T18:45:18.021223+00:00,Migration and Labor 1900,282,517,3985,1,5,473,261,30,157,70,42,1,9,464,430,34,0,466,0,0,758.7,200,,False,0.0,False
2026-09-26T18:52:06.668762+00:00,cats AND dogs,1323,64702,174844,1,5,605,168,41,41,84,37,1,14,369,312,57,0,594,0,1,986.6,200,,False,0.0,False
2026-09-26T19:00:28.282400+00:00,saltwater encroachment AND climate change,9,1382,1458,1,5,655,214,38,99,77,33,2,11,351,311,40,0,646,0,0,915.8,200,,False,0.0,False
2026-09-26T19:15:20.933948+00:00,project management AND software,5910,91079,193966,1,5,809,348,30,222,96,62,1,10,796,762,34,0,797,0,0,956.9,200,,False,0.0,False
2026-09-26T19:30:22.966571+00:00,history of japanese art,4004,34919,88926,1,5,438,379,27,295,52,26,1,9,431,396,35,0,431,0,0,680.4,200,,False,0.0,False
2026-09-26T19:45:22.587658+00:00,science,753051,58155181,76892004,1,5,1419,737,29,582,120,36,1,11,1412,1377,35,0,1412,0,0,1712.2,200,,False,0.0,False
2026-09-26T20:00:30.212634+00:00,maryland history,19586,66370,231556,1,5,1102,437,28,366,36,10,1,11,1096,1064,32,0,1097,0,0,1244.3,200,,False,0.0,False
2026-09-26T20:15:19.068660+00:00,linear algebra,5977,117288,252317,1,5,258,201,33,94,70,37,1,10,232,196,36,0,251,0,0,523.0,200,,False,0.0,False
2026-09-26T20:30:26.141339+00:00,Migration and Labor 1900,282,517,3985,1,5,483,260,29,156,72,40,1,9,276,240,36,0,476,0,0,660.8,200,,False,0.0,False
2026-09-26T20:45:20.004706+00:00,cats AND dogs,1323,64702,174844,1,5,356,141,32,37,71,34,1,10,348,310,38,0,349,0,1,603.7,200,,False,0.0,False
2026-09-26T21:00:29.049631+00:00,saltwater encroachment AND climate change,9,1382,1458,1,5,642,214,39,97,76,34,2,11,632,582,50,0,633,0,1,754.2,200,,False,0.0,False
2026-09-26T21:15:18.788849+00:00,project management AND software,5910,91079,193966,1,5,551,368,37,229,101,62,1,11,540,500,40,0,542,0,1,694.2,200,,False,0.0,False
2026-09-26T21:30:23.394312+00:00,history of japanese art,4004,34919,88927,1,5,403,361,26,283,48,27,1,8,337,305,32,0,397,0,0,686.6,200,,False,0.0,False
2026-09-26T21:43:40.673775+00:00,science,753051,58155181,76892058,1,5,1008,731,44,536,145,42,2,12,1000,964,36,0,1000,0,0,1267.5,200,,False,0.0,False
2026-09-26T21:45:18.294071+00:00,maryland history,19586,66370,231556,1,5,405,369,26,300,36,10,1,9,330,298,32,0,399,0,0,685.2,200,,False,0.0,False
2026-09-26T22:00:33.146321+00:00,linear algebra,5977,117288,252317,1,5,674,204,38,90,73,43,1,10,266,231,35,0,667,0,0,972.2,200,,False,0.0,False
2026-09-26T22:15:18.788690+00:00,Migration and Labor 1900,282,517,3985,1,5,360,293,40,169,80,50,1,10,287,252,35,0,351,0,1,675.0,200,,False,0.0,False
2026-09-26T22:30:27.417822+00:00,cats AND dogs,1323,64702,174844,1,5,714,167,36,41,90,49,1,10,408,365,43,0,707,0,0,1044.9,200,,False,0.0,False
2026-09-26T22:45:17.640467+00:00,saltwater encroachment AND climate change,9,1382,1458,1,5,683,191,31,91,68,34,2,10,675,639,36,0,675,0,0,988.6,200,,False,0.0,False
2026-09-26T23:00:26.160000+00:00,project management AND software,5910,91079,194052,1,5,430,362,31,233,98,63,1,10,413,377,36,1,422,0,0,725.8,200,,False,0.0,False
2026-09-26T23:15:18.665423+00:00,history of japanese art,4004,34919,38923,1,5,916,423,30,338,51,28,1,10,909,862,47,0,910,0,1,1220.3,200,,False,56.2,True
2026-09-26T23:30:23.336910+00:00,science,753051,58155181,76967276,1,5,968,721,33,562,122,36,1,12,958,921,37,0,961,0,1,1072.4,200,,False,0.1,False
2026-09-26T23:45:21.555327+00:00,maryland history,19586,66370,231557,1,5,681,371,32,298,35,10,1,10,673,638,35,0,674,0,0,1038.8,200,,False,0.0,False
2026-09-26T23:55:21.779898+00:00,linear algebra,5977,117288,252335,1,5,297,193,27,93,69,39,1,11,289,253,36,0,290,0,0,403.6,200,,False,0.0,False
2026-09-27T00:00:31.260483+00:00,Migration and Labor 1900,282,517,3986,1,5,394,331,29,210,87,58,2,9,262,205,57,0,386,0,0,774.0,200,,False,0.0,False
2026-09-27T00:15:19.159369+00:00,cats AND dogs,1323,64702,174981,1,5,275,133,27,39,67,30,1,12,266,229,37,0,266,0,0,502.3,200,,False,0.1,False
2026-09-27T00:30:25.602853+00:00,saltwater encroachment AND climate change,9,1382,1458,1,5,493,177,27,82,68,35,1,11,485,447,38,0,486,0,0,629.7,200,,False,0.0,False
2026-09-27T00:45:17.400622+00:00,project management AND software,5910,91079,194052,1,5,406,341,29,229,82,49,2,9,362,325,37,0,399,0,0,844.5,200,,False,0.0,False
2026-09-27T01:00:28.556483+00:00,history of japanese art,4004,34919,88928,1,5,887,393,27,304,57,31,2,10,362,324,38,0,879,0,0,1171.7,200,,False,128.5,True
2026-09-27T01:15:25.519101+00:00,science,753051,58155181,76967272,1,5,970,702,30,547,121,37,1,11,963,926,37,0,964,0,1,1236.4,200,,False,0.0,False
2026-09-27T01:30:31.088953+00:00,maryland history,19586,66370,231557,1,5,6687,361,27,290,37,11,2,11,888,856,32,0,6681,0,0,7183.7,200,,False,0.0,False
2026-09-27T01:45:23.354330+00:00,linear algebra,5977,117288,252335,1,5,389,188,26,92,63,37,1,9,383,352,31,0,383,0,0,625.8,200,,False,0.0,False
2026-09-27T02:00:29.889994+00:00,Migration and Labor 1900,282,517,3986,1,5,396,279,34,157,81,49,1,10,290,252,38,0,386,0,0,661.7,200,,False,0.0,False
2026-09-27T02:15:24.959239+00:00,cats AND dogs,1323,64702,174980,1,5,436,143,29,39,74,35,1,10,427,389,38,0,429,0,1,803.3,200,,False,0.0,False
2026-09-27T02:30:23.437108+00:00,saltwater encroachment AND climate change,9,1382,1458,1,5,351,184,29,91,63,31,2,9,308,265,43,0,344,0,0,652.3,200,,False,0.0,False
2026-09-27T02:41:43.299048+00:00,project management AND software,5910,91079,194052,1,5,681,347,28,230,86,52,1,10,448,407,41,0,671,0,1,989.5,200,,False,0.0,False
2026-09-27T02:45:21.973318+00:00,history of japanese art,4004,34919,88928,1,5,457,363,25,283,51,29,1,9,358,327,31,0,449,0,0,581.8,200,,False,0.0,False
2026-09-27T03:00:29.160011+00:00,science,753051,58155181,76997231,1,5,1120,759,49,550,157,49,1,12,1105,1066,39,0,1107,0,0,1348.1,200,,False,0.0,False
2026-09-27T03:15:18.698408+00:00,maryland history,19586,66370,231559,1,5,474,372,30,296,41,11,2,13,367,306,61,0,465,0,0,741.7,200,,False,0.0,False
2026-09-27T03:30:27.540046+00:00,linear algebra,5977,117288,252350,1,5,1484,198,31,96,65,35,1,12,591,556,35,1,1477,0,0,1839.1,200,,False,0.0,False
2026-09-27T03:45:21.477822+00:00,Migration and Labor 1900,282,517,3987,1,5,551,273,28,156,83,47,1,11,237,199,38,0,542,0,0,691.1,200,,False,0.0,False
2026-09-27T04:00:28.330704+00:00,cats AND dogs,1323,64702,175130,1,5,444,144,28,48,67,32,1,10,299,260,39,0,436,0,0,688.3,200,,False,0.1,False
2026-09-27T04:15:21.284239+00:00,saltwater encroachment AND climate change,9,1382,1458,1,5,842,504,41,104,358,191,1,49,291,245,46,1,824,0,1,1278.7,200,,False,0.0,False
2026-09-27T04:30:23.935215+00:00,project management AND software,5910,91079,194140,1,5,1137,1045,47,842,154,81,2,22,507,466,41,1,1122,0,0,1396.8,200,,False,0.0,False
2026-09-27T04:45:18.888026+00:00,history of japanese art,4004,34919,88933,1,5,809,456,34,318,97,56,2,20,333,290,43,0,799,0,0,1037.5,200,,False,0.0,False
2026-09-27T05:00:27.285289+00:00,science,753054,58155181,77062717,1,5,1048,1008,42,648,313,57,1,32,999,952,47,0,1036,0,0,1366.8,200,,False,0.1,False
2026-09-27T05:15:18.460236+00:00,maryland history,19586,66370,231559,1,5,1105,1059,44,905,98,29,1,23,714,673,41,1,1091,0,1,1472.1,200,,False,0.0,False
2026-09-27T05:30:25.600970+00:00,linear algebra,5977,117288,252351,1,5,939,255,38,119,92,56,1,12,261,223,38,0,931,0,0,1295.6,200,,False,0.0,False
2026-09-27T05:45:19.807460+00:00,Migration and Labor 1900,282,517,3987,1,5,489,348,36,209,96,59,1,15,275,237,38,0,480,0,0,636.7,200,,False,0.0,False
2026-09-27T06:00:29.508586+00:00,cats AND dogs,1323,64702,175131,1,5,527,305,62,41,200,108,4,25,514,443,71,1,515,0,1,678.7,200,,False,0.0,False
2026-09-27T06:15:21.664771+00:00,saltwater encroachment AND climate change,9,1382,1458,1,5,943,838,33,700,103,50,2,14,306,267,39,0,935,0,0,1326.5,200,,False,0.0,False
2026-09-27T06:30:24.299968+00:00,project management AND software,5910,91079,194141,1,5,473,407,29,269,108,61,2,14,420,384,36,0,466,0,1,735.1,200,,False,0.0,False
2026-09-27T06:45:23.770433+00:00,history of japanese art,4004,34919,88933,1,5,933,458,34,336,82,47,2,14,393,346,47,0,923,0,0,1222.5,200,,False,0.0,False
2026-09-27T07:00:28.878214+00:00,science,753056,58155181,77062688,1,5,1281,1083,129,581,367,86,1,32,1268,1196,72,0,1269,0,0,1726.7,200,,False,0.0,False
2026-09-27T07:15:21.589480+00:00,maryland history,19586,66370,231559,1,5,453,396,34,287,69,18,1,15,316,280,36,0,445,0,1,637.9,200,,False,0.0,False
2026-09-27T07:30:27.524098+00:00,linear algebra,5977,117288,252351,1,5,1029,816,51,649,110,61,2,18,296,259,37,0,1019,0,0,1313.1,200,,False,0.0,False
2026-09-27T07:45:20.930551+00:00,Migration and Labor 1900,282,517,3987,1,5,1051,979,39,761,173,122,1,24,225,186,39,0,1043,0,0,1347.5,200,,False,0.0,False
2026-09-27T08:00:27.956126+00:00,cats AND dogs,1323,64702,175131,1,5,916,218,34,48,134,62,2,25,326,276,50,0,903,0,0,1246.0,200,,False,0.0,False
2026-09-27T08:15:18.428454+00:00,saltwater encroachment AND climate change,9,1382,1458,1,5,938,862,29,701,131,65,1,23,382,341,41,1,930,0,0,1222.3,200,,False,0.0,False
2026-09-27T08:30:25.870833+00:00,project management AND software,5910,91079,194142,1,5,500,420,43,248,126,71,1,17,476,440,36,0,491,0,1,768.4,200,,False,0.0,False
2026-09-27T08:33:42.643255+00:00,history of japanese art,4004,0,54013,1,5,582,532,42,384,100,50,1,23,14,11,3,1,571,0,0,872.4,200,,False,39.3,False
2026-09-27T08:45:19.338062+00:00,science,753056,58155181,77062899,1,5,1592,1553,48,1182,318,62,2,42,974,925,49,0,1580,0,1,1881.4,200,,False,0.0,False
2026-09-27T09:00:30.172459+00:00,maryland history,19586,66370,231560,1,5,851,460,36,330,90,26,2,25,842,806,36,0,843,0,0,1140.3,200,,False,0.0,False
2026-09-27T09:15:23.924000+00:00,linear algebra,5977,117288,252358,1,5,427,376,59,103,209,111,2,24,254,209,45,0,412,0,0,577.0,200,,False,0.0,False
2026-09-27T09:30:23.005042+00:00,Migration and Labor 1900,282,517,3987,1,5,554,318,36,163,116,66,2,18,183,140,43,0,545,0,0,786.9,200,,False,0.0,False
2026-09-27T09:45:17.849823+00:00,cats AND dogs,1323,64702,175140,1,5,991,190,34,47,109,48,2,21,371,330,41,0,982,0,1,1257.2,200,,False,0.0,False
2026-09-27T10:00:28.602176+00:00,saltwater encroachment AND climate change,9,1382,1458,1,5,763,293,38,94,161,69,2,29,707,659,48,0,754,0,0,1189.0,200,,False,0.0,False
2026-09-27T10:15:21.815132+00:00,project management AND software,5910,91079,194150,1,5,861,406,31,257,117,67,1,16,436,399,37,0,852,0,0,1176.4,200,,False,0.0,False
2026-09-27T10:30:26.278847+00:00,history of japanese art,4004,34919,88932,1,5,497,451,31,337,77,48,1,14,344,303,41,0,489,0,0,827.5,200,,False,64.6,True
2026-09-27T10:45:20.588293+00:00,science,753056,58155181,77066295,1,5,1166,873,42,535,290,58,2,38,950,909,41,0,1156,0,1,1510.4,200,,False,0.0,False
2026-09-27T11:00:34.138312+00:00,maryland history,19586,66370,231562,1,5,1061,449,40,322,83,24,1,23,363,327,36,0,1053,0,0,1495.8,200,,False,0.0,False
2026-09-27T11:15:20.600005+00:00,linear algebra,5977,117288,252359,1,5,970,218,31,100,82,46,1,13,302,264,38,0,963,0,0,1192.3,200,,False,0.0,False
2026-09-27T11:30:24.848503+00:00,Migration and Labor 1900,282,517,3987,1,5,1061,991,37,846,103,58,1,20,360,315,45,0,1052,0,0,1442.0,200,,False,0.0,False
2026-09-27T11:45:21.541266+00:00,cats AND dogs,1323,64702,175140,1,5,890,200,40,40,120,51,2,25,373,323,50,0,879,0,0,1029.2,200,,False,0.0,False
2026-09-27T12:00:27.870500+00:00,saltwater encroachment AND climate change,9,1382,1458,1,5,979,903,34,760,108,49,1,21,299,256,43,1,970,0,1,1338.8,200,,False,0.0,False
2026-09-27T12:15:19.927495+00:00,project management AND software,5910,91079,194150,1,5,462,392,34,264,92,54,1,11,424,387,37,1,454,0,0,688.6,200,,False,0.0,False
2026-09-27T12:30:25.157185+00:00,history of japanese art,4004,34919,88932,1,5,1045,995,29,903,57,31,2,10,738,696,42,1,1035,0,1,1310.7,200,,False,0.0,False
2026-09-27T12:45:19.565145+00:00,science,753056,58155181,77066310,1,5,1423,1367,58,750,552,153,2,83,969,912,57,0,1391,0,0,1722.2,200,,False,0.0,False
2026-09-27T13:00:30.225634+00:00,maryland history,19586,66370,231562,1,5,703,554,97,320,129,40,2,32,357,307,50,0,681,0,1,1104.7,200,,False,0.0,False
2026-09-27T13:15:18.770569+00:00,linear algebra,5977,117288,252359,1,5,838,796,31,685,78,46,2,13,237,204,33,0,832,0,0,1098.3,200,,False,0.0,False
2026-09-27T13:30:22.113014+00:00,Migration and Labor 1900,282,517,3987,1,5,491,402,51,225,123,69,2,20,234,187,47,0,481,0,1,914.7,200,,False,0.0,False
2026-09-27T13:45:19.374771+00:00,cats AND dogs,1323,64702,175139,1,5,438,154,28,40,86,38,1,13,430,395,35,1,430,0,0,846.2,200,,False,0.0,False
2026-09-27T14:00:29.614801+00:00,saltwater encroachment AND climate change,9,1382,1458,1,5,778,250,28,105,116,45,2,23,610,563,47,0,769,0,0,1119.8,200,,False,0.0,False
2026-09-27T14:15:17.851860+00:00,project management AND software,5910,91079,194150,1,5,460,383,29,270,82,47,2,10,453,418,35,0,454,0,0,746.2,200,,False,0.0,False
2026-09-27T14:17:23.605302+00:00,history of japanese art,4004,34919,88932,1,5,482,436,28,336,66,40,2,11,345,312,33,0,474,0,0,693.4,200,,False,0.0,False
2026-09-27T14:30:26.880932+00:00,science,753056,58155181,77066311,1,5,1314,1277,28,1123,122,40,1,11,966,927,39,0,1308,0,0,1596.0,200,,False,0.0,False
2026-09-27T14:45:20.791825+00:00,maryland history,19586,66370,231562,1,5,867,359,31,289,35,10,2,11,502,467,35,0,859,0,0,1118.2,200,,False,0.0,False
2026-09-27T15:00:28.923220+00:00,linear algebra,5977,117288,252359,1,5,268,200,27,93,74,41,1,10,252,217,35,0,261,0,0,405.6,200,,False,0.0,False
2026-09-27T15:15:18.346715+00:00,Migration and Labor 1900,282,517,3987,1,5,945,381,38,154,181,69,64,27,215,179,36,0,935,0,0,1265.6,200,,False,0.0,False
2026-09-27T15:30:23.859464+00:00,cats AND dogs,1323,64702,175139,1,5,619,140,28,43,68,33,1,10,325,277,48,0,609,0,1,878.2,200,,False,0.0,False
2026-09-27T15:45:18.923278+00:00,saltwater encroachment AND climate change,9,1382,1458,1,5,705,212,32,112,68,35,1,10,270,231,39,0,697,0,0,843.7,200,,False,0.0,False
2026-09-27T16:00:29.399281+00:00,project management AND software,5910,91079,194150,1,5,1224,404,36,259,107,61,2,10,1216,1182,34,0,1216,0,0,1383.5,200,,False,0.0,False
2026-09-27T16:15:18.546570+00:00,history of japanese art,4004,34919,88932,1,5,577,404,23,327,49,28,1,8,570,532,38,0,570,0,1,926.5,200,,False,0.0,False
2026-09-27T16:30:22.892184+00:00,science,753056,58155181,77066306,1,5,1161,659,30,493,132,38,1,11,1154,1118,36,0,1154,0,0,1455.1,200,,False,0.0,False
2026-09-27T16:45:20.764840+00:00,maryland history,19586,66370,231562,1,5,685,339,34,265,36,10,1,10,475,435,40,0,678,0,0,1074.2,200,,False,0.0,False
2026-09-27T17:00:27.101782+00:00,linear algebra,5977,117288,252359,1,5,717,251,41,102,100,64,1,12,388,349,39,0,698,0,0,1028.0,200,,False,0.0,False
2026-09-27T17:15:18.122493+00:00,Migration and Labor 1900,282,517,3987,1,5,490,269,31,165,67,39,1,10,201,164,37,0,483,0,1,801.7,200,,False,0.0,False
2026-09-27T17:30:25.002688+00:00,cats AND dogs,1323,64702,66025,1,5,326,146,26,57,63,30,1,9,319,285,34,0,319,0,0,619.5,200,,False,62.3,True
2026-09-27T17:45:19.592335+00:00,saltwater encroachment AND climate change,9,1382,1458,1,5,341,252,29,146,76,37,4,11,281,233,48,0,332,0,1,582.8,200,,False,0.0,False
2026-09-27T18:00:27.858199+00:00,project management AND software,5910,91079,194150,1,5,836,365,27,235,98,55,1,10,826,771,55,0,827,0,0,1190.0,200,,False,0.0,False
2026-09-27T18:15:19.600042+00:00,history of japanese art,4004,34920,88933,1,5,847,449,32,348,62,32,1,11,837,803,34,0,838,0,0,1161.9,200,,False,0.0,False
2026-09-27T18:30:26.095449+00:00,science,753056,58154553,77065682,1,5,1067,680,32,518,125,38,1,12,1058,1020,38,0,1058,0,0,1171.2,200,,False,0.0,False
2026-09-27T18:33:13.064311+00:00,maryland history,19586,66370,231562,1,5,648,339,25,279,31,9,1,9,641,609,32,0,641,0,0,933.6,200,,False,0.0,False
2026-09-27T18:45:17.855779+00:00,linear algebra,5977,117288,252360,1,5,311,214,31,106,72,38,1,12,290,256,34,0,291,0,0,590.6,200,,False,0.0,False
2026-09-27T19:00:28.697399+00:00,Migration and Labor 1900,282,517,3987,1,5,419,268,29,166,68,41,1,9,305,272,33,0,412,0,1,558.0,200,,False,0.0,False
2026-09-27T19:15:18.342333+00:00,cats AND dogs,1323,64702,175139,1,5,585,134,28,41,64,31,1,9,390,355,35,1,576,0,0,900.6,200,,False,165.3,True
2026-09-27T19:30:23.263651+00:00,saltwater encroachment AND climate change,9,1382,1458,1,5,476,197,26,97,72,35,1,11,467,430,37,0,468,0,0,702.1,200,,False,0.0,False
2026-09-27T19:45:18.267303+00:00,project management AND software,5910,91087,194158,1,5,661,397,30,275,91,51,1,12,502,443,59,0,654,0,0,987.1,200,,False,0.0,False
2026-09-27T20:00:27.511479+00:00,history of japanese art,4004,34920,88933,1,5,462,416,26,324,59,37,1,10,412,379,33,0,455,0,1,585.9,200,,False,0.0,False
2026-09-27T20:15:19.680204+00:00,science,753056,58154553,77065682,1,5,1095,711,43,530,131,36,1,13,1078,1032,46,1,1080,0,3,1407.7,200,,False,0.0,False
2026-09-27T20:30:22.141779+00:00,maryland history,19586,66370,231562,1,5,385,348,29,285,31,9,1,10,363,329,34,0,377,0,1,721.4,200,,False,0.0,False
2026-09-27T20:45:19.679141+00:00,linear algebra,5977,117288,252360,1,5,657,220,30,103,81,45,2,13,648,608,40,0,648,0,0,932.5,200,,False,0.0,False
2026-09-27T21:00:27.071816+00:00,Migration and Labor 1900,282,517,3987,1,5,345,267,27,166,69,41,1,9,337,303,34,0,338,0,0,625.9,200,,False,0.0,False
2026-09-27T21:15:18.361945+00:00,cats AND dogs,1323,64702,66025,1,5,403,139,29,40,69,33,1,12,392,353,39,0,392,0,1,741.9,200,,False,62.3,True
2026-09-27T21:30:22.814180+00:00,saltwater encroachment AND climate change,9,1382,1458,1,5,665,191,25,104,61,29,2,8,650,615,35,0,652,0,0,978.6,200,,False,0.0,False
2026-09-27T21:35:46.689296+00:00,project management AND software,5910,91087,96997,1,5,844,371,33,250,87,52,1,9,836,798,38,0,837,0,0,1089.5,200,,False,50.0,True
2026-09-27T21:45:19.281972+00:00,history of japanese art,4004,34920,88933,1,5,856,376,24,298,51,29,1,9,849,815,34,0,849,0,0,1085.8,200,,False,0.0,False
2026-09-27T22:00:27.700030+00:00,science,753056,58154553,77065670,1,5,1086,825,47,621,155,43,2,11,1076,1035,41,1,1076,0,1,1454.3,200,,False,0.0,False
2026-09-27T22:15:18.293065+00:00,maryland history,19586,66370,231562,1,5,572,362,28,294,34,9,2,10,563,524,39,0,564,0,0,956.9,200,,False,0.0,False
2026-09-27T22:30:22.566108+00:00,linear algebra,5977,117288,252359,1,5,631,205,28,99,72,39,1,10,622,570,52,0,623,0,0,1074.0,200,,False,0.0,False
2026-09-27T22:45:21.406031+00:00,Migration and Labor 1900,282,517,3987,1,5,365,278,32,174,69,40,1,9,356,322,34,1,357,0,0,644.2,200,,False,0.0,False
2026-09-27T23:00:26.856439+00:00,cats AND dogs,1323,64702,175139,1,5,788,148,31,39,77,36,1,12,780,743,37,0,780,0,1,1194.1,200,,False,165.3,True
2026-09-27T23:15:20.899314+00:00,saltwater encroachment AND climate change,9,1382,1391,1,5,390,212,35,106,70,34,1,11,380,343,37,0,381,0,0,724.0,200,,False,4.6,False
2026-09-27T23:30:22.726179+00:00,project management AND software,5910,91087,194158,1,5,439,355,30,240,84,48,1,10,431,394,37,0,431,0,1,874.3,200,,False,100.2,True
2026-09-27T23:45:18.948339+00:00,history of japanese art,4004,34920,88933,1,5,709,410,24,326,55,32,1,9,247,213,34,0,702,0,0,1000.1,200,,False,0.0,False
2026-09-27T23:57:30.668997+00:00,science,753056,58154553,77065667,1,5,1077,693,36,520,131,41,1,12,1069,1026,43,0,1069,0,0,1366.4,200,,False,0.0,False
2026-09-28T00:00:31.149679+00:00,maryland history,19586,66370,231562,1,5,751,388,27,320,34,10,1,11,743,706,37,0,743,0,1,1049.7,200,,False,0.0,False
2026-09-28T00:15:20.681340+00:00,linear algebra,5977,117288,252359,1,5,272,198,25,100,70,37,1,15,253,216,37,1,263,0,0,396.1,200,,False,0.0,False
2026-09-28T00:30:23.075559+00:00,Migration and Labor 1900,282,517,3987,1,5,329,258,28,160,68,39,1,9,196,161,35,0,321,0,0,428.5,200,,False,0.0,False
2026-09-28T00:45:19.913772+00:00,cats AND dogs,1323,64702,175139,1,5,336,143,32,42,67,33,1,9,326,285,41,0,326,0,1,456.7,200,,False,0.0,False
2026-09-28T01:00:26.960816+00:00,saltwater encroachment AND climate change,9,1382,1458,1,5,891,188,27,92,69,35,1,10,882,841,41,0,883,0,1,1169.7,200,,False,4.8,False
2026-09-28T01:15:20.682067+00:00,project management AND software,5910,91087,194158,1,5,860,357,27,249,80,47,1,10,852,817,35,1,853,0,0,1106.2,200,,False,0.0,False
2026-09-28T01:30:26.045001+00:00,history of japanese art,4004,34920,88933,1,5,435,388,25,308,50,29,1,9,316,281,35,0,426,0,0,574.9,200,,False,0.0,False
2026-09-28T01:45:18.651775+00:00,science,753056,58154553,77065683,1,5,1094,671,29,512,124,39,1,11,1085,1050,35,1,1086,0,1,1378.6,200,,False,0.0,False
2026-09-28T02:00:28.086671+00:00,maryland history,19586,66370,231562,1,5,851,380,30,311,33,11,1,10,844,810,34,0,844,0,0,1276.2,200,,False,0.0,False
2026-09-28T02:15:19.530232+00:00,linear algebra,5977,117288,252359,1,5,633,190,31,87,65,35,2,9,441,386,55,0,625,0,1,873.9,200,,False,0.0,False
2026-09-28T02:30:22.084992+00:00,Migration and Labor 1900,282,517,3987,1,5,357,291,27,191,68,40,1,9,243,209,34,0,349,0,0,636.6,200,,False,0.0,False
2026-09-28T02:45:17.394581+00:00,cats AND dogs,1323,64702,175139,1,5,403,135,32,41,62,29,1,10,396,358,38,0,396,0,0,685.0,200,,False,0.0,False
2026-09-28T03:00:26.579274+00:00,saltwater encroachment AND climate change,9,1382,1458,1,5,1051,218,29,105,84,44,1,12,782,736,46,1,1041,0,0,1363.6,200,,False,0.0,False
2026-09-28T03:15:21.507050+00:00,project management AND software,5910,91087,194158,1,5,1338,369,26,266,76,45,1,9,1330,1294,36,0,1331,0,1,1570.3,200,,False,0.0,False
2026-09-28T03:30:22.011292+00:00,history of japanese art,4004,34920,88933,1,5,456,413,30,312,68,32,1,20,319,286,33,0,449,0,0,725.3,200,,False,0.0,False
2026-09-28T03:35:21.166305+00:00,science,753056,58154553,77065688,1,5,1059,742,28,578,132,39,1,11,1051,1014,37,0,1051,0,0,1360.0,200,,False,0.0,False
2026-09-28T03:45:22.366941+00:00,maryland history,19586,66370,231562,1,5,501,360,26,296,32,10,1,9,492,459,33,0,494,0,0,693.7,200,,False,0.0,False
2026-09-28T04:00:30.509472+00:00,linear algebra,5977,117288,252359,1,5,531,221,37,91,89,50,2,11,267,230,37,0,522,0,1,805.9,200,,False,0.0,False
2026-09-28T04:15:22.446985+00:00,Migration and Labor 1900,282,517,3987,1,5,720,352,47,168,131,81,1,19,600,556,44,0,702,0,1,839.2,200,,False,0.0,False
2026-09-28T04:30:31.136597+00:00,cats AND dogs,1323,64702,175139,1,5,388,204,46,42,116,49,2,18,376,309,67,1,377,0,0,517.5,200,,False,0.0,False
2026-09-28T04:45:20.630410+00:00,saltwater encroachment AND climate change,9,1382,1458,1,5,1005,337,52,140,145,69,2,24,347,261,86,1,986,0,0,1464.0,200,,False,0.0,False
2026-09-28T05:00:27.486515+00:00,project management AND software,5910,91087,96997,1,5,520,408,31,245,130,78,1,18,510,468,42,0,511,0,0,773.8,200,,False,50.0,True
2026-09-28T05:15:22.786584+00:00,history of japanese art,4004,34920,88933,1,5,553,437,35,299,97,56,1,19,366,328,38,0,544,0,0,711.0,200,,False,0.0,False
2026-09-28T05:30:27.005998+00:00,science,753058,58154553,77065750,1,5,1015,977,42,612,317,61,2,42,991,949,42,0,1002,0,1,1330.9,200,,False,0.0,False
2026-09-28T05:45:20.131138+00:00,maryland history,19586,66370,231564,1,5,850,440,28,333,76,22,1,20,250,215,35,0,841,0,0,1119.7,200,,False,0.0,False
2026-09-28T06:00:32.197196+00:00,linear algebra,5977,117288,252359,1,5,304,247,34,99,109,69,1,16,277,240,37,0,296,0,1,540.3,200,,False,0.0,False
2026-09-28T06:15:21.576339+00:00,Migration and Labor 1900,282,517,3987,1,5,456,301,31,158,107,68,2,17,216,178,38,0,446,0,0,760.0,200,,False,0.0,False
2026-09-28T06:30:26.107856+00:00,cats AND dogs,1323,64702,175140,1,5,908,203,30,45,126,53,1,28,696,655,41,1,899,0,0,1048.0,200,,False,0.0,False
2026-09-28T06:45:23.186589+00:00,saltwater encroachment AND climate change,9,1382,1458,1,5,456,268,30,143,94,41,1,18,327,283,44,0,449,0,0,742.1,200,,False,0.0,False
2026-09-28T07:00:27.728305+00:00,project management AND software,5910,91087,194159,1,5,585,510,35,267,208,143,2,19,494,457,37,0,575,0,0,922.2,200,,False,100.2,True
2026-09-28T07:15:20.761818+00:00,history of japanese art,4004,34920,88933,1,5,920,592,65,336,184,103,2,55,383,341,42,0,888,0,0,1294.7,200,,False,0.0,False
2026-09-28T07:30:25.829038+00:00,science,753057,58154553,77065837,1,5,1124,890,38,561,285,54,1,42,1115,1078,37,0,1116,0,1,1250.6,200,,False,0.0,False
2026-09-28T07:45:26.999090+00:00,maryland history,19586,66370,231564,1,5,530,483,34,302,143,52,11,41,337,296,41,0,519,0,0,839.0,200,,False,0.0,False
2026-09-28T08:00:36.630259+00:00,linear algebra,5977,117288,252359,1,5,880,248,35,103,103,56,2,19,237,198,39,0,870,0,0,1164.3,200,,False,0.0,False
2026-09-28T08:15:23.962904+00:00,Migration and Labor 1900,282,517,3987,1,5,990,375,41,201,126,67,1,27,272,232,40,1,979,0,0,1276.8,200,,False,0.0,False
2026-09-28T08:30:24.871135+00:00,cats AND dogs,1323,64702,175140,1,5,443,192,32,46,112,47,1,24,431,388,43,0,434,0,1,891.7,200,,False,0.0,False
2026-09-28T08:45:21.027043+00:00,saltwater encroachment AND climate change,9,1382,1458,1,5,486,262,26,114,121,51,2,22,303,267,36,0,477,0,0,643.7,200,,False,0.0,False
2026-09-28T09:00:29.045272+00:00,project management AND software,5910,91087,194159,1,5,901,474,34,258,180,99,1,32,345,307,38,0,893,0,0,1176.6,200,,False,0.0,False
2026-09-28T09:15:20.014298+00:00,history of japanese art,4004,34920,88933,1,5,737,432,33,321,74,40,2,14,332,295,37,0,731,0,0,1001.3,200,,False,0.0,False
2026-09-28T09:30:24.058091+00:00,science,753091,58154553,77065995,1,5,1339,1014,36,675,297,51,1,47,1330,1292,38,0,1330,0,1,1622.9,200,,False,0.0,False
2026-09-28T09:45:23.160353+00:00,maryland history,19586,66370,231565,1,5,1092,929,24,834,67,20,1,18,666,633,33,0,1086,0,0,1224.3,200,,False,0.0,False
2026-09-28T10:00:27.380396+00:00,linear algebra,5977,117288,252364,1,5,903,340,37,144,140,86,3,25,291,248,43,0,889,0,0,1223.7,200,,False,0.0,False
2026-09-28T10:09:29.383756+00:00,Migration and Labor 1900,282,517,3987,1,5,731,307,33,181,87,52,1,15,222,187,35,0,723,0,1,1039.7,200,,False,0.0,False
2026-09-28T10:15:22.812528+00:00,cats AND dogs,1324,64702,175146,1,5,1013,826,36,692,98,43,1,15,402,359,43,0,990,0,1,1412.1,200,,False,0.0,False
2026-09-28T10:30:23.586360+00:00,saltwater encroachment AND climate change,9,1382,1458,1,5,457,262,36,106,118,49,2,18,312,267,45,0,446,0,0,803.7,200,,False,0.0,False
2026-09-28T10:45:22.249361+00:00,project management AND software,5910,91087,194161,1,5,955,397,26,266,102,61,2,12,492,452,40,0,947,0,0,1253.5,200,,False,0.0,False
2026-09-28T11:00:28.154217+00:00,history of japanese art,4004,34920,88933,1,5,1005,508,30,373,100,68,1,17,288,241,47,0,986,0,1,1147.7,200,,False,0.0,False
2026-09-28T11:15:23.546288+00:00,science,753096,58154553,77066831,1,5,1159,843,30,557,253,42,2,31,1152,1115,37,0,1152,0,0,1507.2,200,,False,0.0,False
2026-09-28T11:30:26.059600+00:00,maryland history,19586,66370,231565,1,5,1528,1232,28,1117,77,21,2,21,320,283,37,0,1519,0,0,1739.3,200,,False,0.0,False
2026-09-28T11:45:21.229090+00:00,linear algebra,5977,117288,252363,1,5,355,223,31,111,78,45,2,13,336,297,39,0,348,0,0,626.0,200,,False,0.0,False
2026-09-28T12:00:32.668142+00:00,Migration and Labor 1900,282,517,3987,1,5,517,314,34,154,117,73,1,18,238,178,60,0,507,0,0,923.1,200,,False,0.0,False
2026-09-28T12:15:20.874920+00:00,cats AND dogs,1324,64702,175147,1,5,434,164,26,42,94,43,1,17,319,279,40,0,426,0,0,731.9,200,,False,0.0,False
2026-09-28T12:30:26.000182+00:00,saltwater encroachment AND climate change,9,1382,1458,1,5,368,210,33,101,75,39,1,10,358,319,39,0,358,0,0,662.5,200,,False,0.0,False
2026-09-28T12:45:19.494111+00:00,project management AND software,5910,91087,194162,1,5,536,406,33,246,124,69,1,16,525,490,35,0,526,0,1,854.7,200,,False,0.0,False
2026-09-28T13:00:32.601841+00:00,history of japanese art,4004,34920,88933,1,5,780,475,30,366,73,40,1,14,354,315,39,1,773,0,0,1052.3,200,,False,0.0,False
2026-09-28T13:15:20.772218+00:00,science,753096,58154553,77067260,1,5,1085,800,37,518,238,46,1,30,1075,1026,49,0,1077,0,1,1302.4,200,,False,0.0,False
2026-09-28T13:30:28.008830+00:00,maryland history,19586,66370,231566,1,5,645,471,35,357,71,21,1,17,530,490,40,0,636,0,0,960.0,200,,False,0.0,False
2026-09-28T13:45:23.060596+00:00,linear algebra,5977,117288,252363,1,5,754,239,35,102,96,56,1,15,742,690,52,0,744,0,1,1197.2,200,,False,0.0,False
2026-09-28T14:00:30.780510+00:00,Migration and Labor 1900,282,517,3987,1,5,485,418,29,258,128,94,2,13,301,266,35,0,478,0,0,725.4,200,,False,0.0,False
2026-09-28T14:15:22.729118+00:00,cats AND dogs,1324,64702,175160,1,5,724,211,43,45,121,52,1,16,710,670,40,0,711,0,0,1002.9,200,,False,0.0,False
2026-09-28T14:30:28.395900+00:00,saltwater encroachment AND climate change,9,1382,1391,1,5,609,282,61,99,121,53,2,21,600,552,48,0,602,0,0,877.5,200,,False,4.6,False
2026-09-28T14:45:22.105862+00:00,project management AND software,5910,91087,194166,1,5,587,501,32,359,108,61,1,13,465,428,37,0,577,0,1,911.3,200,,False,0.0,False
2026-09-28T15:00:34.020442+00:00,history of japanese art,4004,34920,88937,1,5,775,430,28,324,72,45,1,13,765,730,35,0,765,0,0,914.8,200,,False,0.0,False
2026-09-28T15:15:22.494654+00:00,science,753099,58154553,77067989,1,5,1198,949,62,558,323,85,2,22,1182,1125,57,0,1183,0,1,1483.6,200,,False,0.0,False
2026-09-28T15:30:26.610916+00:00,maryland history,19586,66370,231572,1,5,886,731,51,334,341,18,1,275,873,837,36,1,873,0,0,1156.7,200,,False,0.0,False
2026-09-28T15:45:20.977903+00:00,linear algebra,5977,117288,252356,1,5,672,290,43,147,96,56,2,15,662,624,38,0,664,0,0,812.2,200,,False,0.0,False
2026-09-28T16:00:33.105684+00:00,Migration and Labor 1900,282,517,3987,1,5,1529,344,40,182,116,79,1,16,1520,1485,35,0,1520,0,0,1817.8,200,,False,0.0,False
2026-09-28T16:15:25.763428+00:00,cats AND dogs,1324,64702,175160,1,5,1409,179,31,40,108,45,1,15,1401,1362,39,0,1402,0,0,1712.8,200,,False,0.0,False
2026-09-28T16:30:24.926315+00:00,saltwater encroachment AND climate change,9,1382,1458,1,5,1486,248,40,104,103,47,1,16,1476,1439,37,0,1478,0,0,1770.3,200,,False,4.8,False
2026-09-28T16:45:25.454316+00:00,project management AND software,5910,91087,194166,1,5,1032,442,55,279,107,63,1,13,1022,986,36,0,1023,0,0,1322.3,200,,False,0.0,False
2026-09-28T17:00:29.956860+00:00,history of japanese art,4004,34920,88939,1,5,781,430,46,305,73,41,1,14,770,732,38,0,770,0,0,1064.1,200,,False,0.0,False
2026-09-28T17:15:23.807902+00:00,science,753149,58154552,77067292,1,5,2677,701,42,468,187,49,1,14,2667,2625,42,0,2669,0,1,2990.1,200,,False,0.0,False
2026-09-28T17:30:28.693342+00:00,maryland history,19586,66370,231572,1,5,1396,454,38,352,61,17,1,14,1388,1352,36,0,1388,0,1,1686.9,200,,False,0.0,False
2026-09-28T17:45:20.802840+00:00,linear algebra,5977,117288,252342,1,5,1753,227,40,99,80,51,1,10,1743,1708,35,0,1744,0,0,2060.8,200,,False,0.0,False
2026-09-28T18:00:30.869647+00:00,Migration and Labor 1900,282,517,3986,1,5,938,331,65,160,102,57,1,18,926,856,70,0,926,0,0,1210.5,200,,False,0.0,False
2026-09-28T18:08:57.065604+00:00,cats AND dogs,1324,64702,175138,1,5,2306,153,34,42,75,35,1,12,2296,2257,39,0,2296,0,0,2633.3,200,,False,0.0,False
2026-09-28T18:15:22.139966+00:00,saltwater encroachment AND climate change,9,1382,1458,1,5,966,218,35,107,75,40,1,10,956,913,43,0,958,0,0,1233.8,200,,False,0.0,False
2026-09-28T18:30:28.123614+00:00,project management AND software,5910,91087,194157,1,5,1737,405,45,243,116,73,1,11,1729,1693,36,0,1729,0,1,1895.4,200,,False,0.0,False
2026-09-28T18:45:22.383512+00:00,history of japanese art,4004,34920,88929,1,5,3118,473,32,378,58,32,1,11,3110,3066,44,0,3111,0,0,3375.4,200,,False,0.0,False
2026-09-28T19:00:34.105479+00:00,science,753155,57788986,76699841,1,5,2981,788,38,539,208,47,1,67,2970,2915,55,0,2972,0,1,3139.6,200,,False,0.5,False
2026-09-28T19:15:23.877090+00:00,maryland history,19586,66370,231565,1,5,2959,385,33,304,36,10,1,10,2952,2903,49,0,2952,0,0,3099.9,200,,False,0.0,False
2026-09-28T19:30:26.817168+00:00,linear algebra,5977,117288,252326,1,5,2126,231,54,90,69,38,1,10,2118,2082,36,1,2119,0,0,2425.6,200,,False,0.0,False
2026-09-28T19:45:24.516126+00:00,Migration and Labor 1900,282,517,3985,1,5,1271,287,37,165,78,48,1,10,1263,1208,55,0,1263,0,0,1419.0,200,,False,0.0,False
2026-09-28T20:00:30.815049+00:00,cats AND dogs,1324,64702,175115,1,5,2271,154,40,40,71,34,1,10,2260,2223,37,0,2261,0,1,2533.6,200,,False,0.0,False
